{"cameraMode":{"drawMode":0,"name":"Shaded","section":"Shading Mode"},"sceneLighting":false,"audioPlay":false,"sceneViewState":{"m_AlwaysRefresh":false,"showFog":true,"showSkybox":false,"showFlares":true,"showImageEffects":true,"showParticleSystems":true,"showVisualEffectGraphs":true,"m_FxEnabled":true},"in2DMode":false,"pivot":{"x":2.9802322387695315e-8,"y":0.09999999403953552,"z":-5.960464477539063e-8},"rotation":{"x":-0.16306526958942414,"y":0.013911230489611626,"z":-0.0022931534331291916,"w":-0.986531138420105},"size":0.43301570415496828,"orthographic":false}