{"cameraMode":{"drawMode":0,"name":"Shaded","section":"Shading Mode"},"sceneLighting":false,"audioPlay":false,"sceneViewState":{"m_AlwaysRefresh":false,"showFog":true,"showSkybox":true,"showFlares":true,"showImageEffects":true,"showParticleSystems":true,"showVisualEffectGraphs":true,"m_FxEnabled":true},"in2DMode":false,"pivot":{"x":-23.522254943847658,"y":4.299756050109863,"z":3.3139266967773439},"rotation":{"x":0.16896356642246247,"y":-0.7341218590736389,"z":0.19773495197296143,"w":0.6272609829902649},"size":2.2654190063476564,"orthographic":true}